{
  "configurations": [
    {
      "inheritEnvironments": [
        "msvc_x64"
      ],
      "name": "x64-Release",
      "includePath": [
        "${env.INCLUDE}",
        "${workspaceRoot}\\**"
        "D:\\Downloads\\PalWorld-NetCrack-master\\PalWorld-NetCrack-master"
        "D:\\Downloads\\PalWorld-NetCrack-master\\PalWorld-NetCrack-master\\include"
      ],
      "defines": [
        "WIN32",
        "NDEBUG",
        "UNICODE",
        "_UNICODE"
      ],
      "intelliSenseMode": "windows-msvc-x64"
    }
  ]
}